,Date,Winner_Odds,Winner,Fav_Odds,Dog_Odds,Fav,Elo_Fav,Fav_Games,Dog,Dog_Games,fav_percent,dog_percent,Sex,fav_rank,dog_rank,Elo_Fav_Elo,Elo_Dog_Elo,Fav_Top100,Dog_Top100,fav_rank_high,dog_rank_high,Fav_Win,DogWin,Fav_Loss,Fav_Loss_Count,Dog_Win,Dog_Win_Count,Fav_Wins_Last_30_Days_Before,Dog_Wins_Last_30_Days_Before,Profit
5210,2025-01-02,2.15,Marie Bouzkova,1.7,2.15,Victoria Azarenka,Victoria Azarenka,28,Marie Bouzkova,23,0.6071428571428571,0.391304347826087,Womens,20.0,44.0,1871.9945313534386,1695.661197198771,0.6,0.5,1.0,24.0,False,True,1,3,1,2,0,1,114.99999999999999
5213,2025-01-02,1.57,Mirra Andreeva,1.57,2.38,Mirra Andreeva,Linda Noskova,21,Linda Noskova,19,0.47619047619047616,0.5789473684210527,Womens,16.0,26.0,1884.9007683278162,1735.364401518389,0.5,0.6,16.0,25.0,True,False,0,4,0,2,0,3,-100.0
5215,2025-01-02,1.92,Alycia Parks,1.87,1.92,Greet Minnen,Alycia Parks,28,Alycia Parks,19,0.4642857142857143,0.3684210526315789,Womens,95.0,82.0,1638.7643835638157,1602.1947827921688,0.5,0.2,59.0,40.0,False,True,1,8,1,4,1,2,92.0
5217,2025-01-02,2.51,Kimberly Birrell,1.52,2.51,Anastasia Potapova,Kimberly Birrell,17,Kimberly Birrell,11,0.6470588235294118,0.2727272727272727,Womens,35.0,113.0,1723.806024490856,1708.6155238575514,0.5,0.2,21.0,100.0,False,True,1,5,1,5,0,1,150.99999999999997
5224,2025-01-02,2.44,Polina Kudermetova,1.55,2.44,Daria Kasatkina,Daria Kasatkina,15,Polina Kudermetova,10,0.8,0.5,Womens,9.0,107.0,1742.284985627502,1668.9771247611982,0.6,0.5,8.0,106.0,False,True,1,8,1,5,0,2,144.0
5235,2025-01-03,1.7,Anhelina Kalinina,1.7,2.14,Anhelina Kalinina,Kimberly Birrell,13,Kimberly Birrell,18,0.46153846153846156,0.2777777777777778,Womens,55.0,113.0,1748.8048105805824,1568.9531171991837,0.3,0.3,25.0,100.0,True,False,0,5,0,5,0,1,-100.0
5240,2025-01-03,2.44,Polina Kudermetova,1.55,2.44,Ashlyn Krueger,Polina Kudermetova,18,Polina Kudermetova,11,0.7222222222222222,0.5454545454545454,Womens,64.0,107.0,1706.7246429211718,1697.133375469894,0.4,0.6,51.0,106.0,False,True,1,6,1,6,1,3,144.0
5244,2025-01-03,2.16,Robin Montgomery,1.69,2.16,Bernarda Pera,Bernarda Pera,16,Robin Montgomery,12,0.75,0.3333333333333333,Womens,71.0,117.0,1685.1975788115608,1556.5178530623564,0.4,0.2,27.0,105.0,False,True,1,2,1,2,0,1,116.00000000000001
5252,2025-01-04,2.01,Alycia Parks,1.78,2.01,Katie Volynets,Alycia Parks,22,Alycia Parks,20,0.45454545454545453,0.25,Womens,58.0,82.0,1660.374881864024,1606.6866528508174,0.5,0.2,56.0,40.0,False,True,1,5,1,5,0,3,100.99999999999997
5256,2025-01-04,1.7,Kamilla Rakhimova,1.7,2.1,Kamilla Rakhimova,Kamilla Rakhimova,32,Jaqueline Cristian,16,0.375,0.25,Womens,60.0,85.0,1593.3077903852466,1520.2062394188981,0.2,0.3,60.0,57.0,True,False,0,5,0,3,0,3,-100.0
5261,2025-01-04,1.95,Polina Kudermetova,1.84,1.95,Anhelina Kalinina,Polina Kudermetova,12,Polina Kudermetova,10,0.5833333333333334,0.6,Womens,55.0,107.0,1736.7404405829773,1612.010731091172,0.3,0.6,25.0,106.0,False,True,1,6,1,7,0,4,95.0
5281,2025-01-05,1.84,Peyton Stearns,1.84,1.9,Peyton Stearns,Maria Sakkari,28,Maria Sakkari,34,0.39285714285714285,0.5,Womens,47.0,32.0,1763.7439735813048,1613.6219450676888,0.4,0.5,43.0,3.0,True,False,0,1,0,3,0,5,-100.0
5286,2025-01-05,1.9,Nuria Parrizas Diaz,1.85,1.9,Arantxa Rus,Nuria Parrizas Diaz,18,Nuria Parrizas Diaz,13,0.4444444444444444,0.6153846153846154,Womens,76.0,91.0,1649.9851809786562,1567.9702646296462,0.4,0.8,41.0,45.0,False,True,1,6,1,4,0,2,89.99999999999999
5293,2025-01-05,1.56,Xiyu Wang,1.56,2.35,Xiyu Wang,Erika Andreeva,30,Erika Andreeva,34,0.5666666666666667,0.5588235294117647,Womens,98.0,83.0,1621.3628383121531,1608.6135498866513,0.4,0.5,49.0,65.0,True,False,0,6,0,7,0,1,-100.0
5307,2025-01-05,1.97,Greet Minnen,1.79,1.97,Lucia Bronzetti,Lucia Bronzetti,27,Greet Minnen,29,0.4444444444444444,0.4482758620689655,Womens,73.0,95.0,1609.98615437321,1596.9917080629139,0.3,0.5,46.0,59.0,False,True,1,8,1,5,0,1,97.0
5314,2025-01-06,1.99,Elina Avanesyan,1.82,1.99,Xiyu Wang,Xiyu Wang,32,Elina Avanesyan,15,0.40625,0.5333333333333333,Womens,108.0,44.0,1634.891820763993,1612.6796904490059,0.4,0.5,49.0,43.0,False,True,1,7,1,6,0,1,99.0
5315,2025-01-06,1.81,Marketa Vondrousova,1.81,1.99,Marketa Vondrousova,Anastasia Pavlyuchenkova,18,Anastasia Pavlyuchenkova,29,0.4444444444444444,0.6206896551724138,Womens,39.0,28.0,1733.1282106982285,1678.2841566088634,0.5,0.6,6.0,11.0,True,False,0,1,0,1,0,1,-100.0
5327,2025-01-06,1.59,Veronika Kudermetova,1.59,2.34,Veronika Kudermetova,Elisabetta Cocciaretto,28,Elisabetta Cocciaretto,19,0.39285714285714285,0.47368421052631576,Womens,77.0,55.0,1598.4808773857594,1553.3483060645165,0.4,0.2,9.0,29.0,True,False,0,5,0,1,0,1,-100.0
5334,2025-01-06,1.91,Anna Bondar,1.87,1.91,Mayar Sherif,Anna Bondar,8,Anna Bondar,11,0.125,0.18181818181818182,Womens,65.0,97.0,1480.7656633684226,1331.5350882147916,0.1,0.3,31.0,50.0,False,True,1,1,1,3,0,1,90.99999999999999
5336,2025-01-06,1.82,Mccartney Kessler,1.82,1.97,Mccartney Kessler,Mccartney Kessler,14,Rebecca Sramkova,17,0.6428571428571429,0.7058823529411765,Womens,67.0,49.0,1766.9160960842457,1706.1332124202838,0.6,0.6,63.0,43.0,True,False,0,3,0,11,1,3,-100.0
5339,2025-01-06,2.25,Lourdes Carle Maria,1.63,2.25,Jessica Bouzas Maneiro,Jessica Bouzas Maneiro,10,Lourdes Carle Maria,10,0.6,0.5,Womens,52.0,96.0,1628.1856342669157,1617.3720951027472,0.6,0.6,52.0,71.0,False,True,1,3,1,5,0,1,125.0
5344,2025-01-06,1.69,Yulia Putintseva,1.69,2.15,Yulia Putintseva,Yulia Putintseva,23,Donna Vekic,24,0.5217391304347826,0.375,Womens,25.0,19.0,1743.982147111736,1619.4306544601038,0.6,0.4,25.0,18.0,True,False,0,3,0,2,0,1,-100.0
5380,2025-01-07,1.51,Diana Shnaider,1.51,2.55,Diana Shnaider,Diana Shnaider,38,Katerina Siniakova,26,0.5526315789473685,0.5,Womens,13.0,46.0,1823.774174042398,1747.2258838317134,0.6,0.6,12.0,27.0,True,False,0,4,0,5,0,1,-100.0
5381,2025-01-07,1.98,Ashlyn Krueger,1.81,1.98,Marta Kostyuk,Marta Kostyuk,31,Ashlyn Krueger,31,0.6129032258064516,0.3548387096774194,Womens,18.0,54.0,1799.3234120375826,1674.9882781075053,0.5,0.4,16.0,51.0,False,True,1,3,1,6,2,3,98.0
5382,2025-01-07,1.76,Ons Jabeur,1.76,2.04,Ons Jabeur,Danielle Collins,14,Danielle Collins,26,0.35714285714285715,0.5384615384615384,Womens,40.0,11.0,1839.7469055199945,1610.4727556624398,0.5,0.6,2.0,7.0,True,False,0,3,0,1,1,8,-100.0
5385,2025-01-07,1.93,Anna Blinkova,1.86,1.93,Bernarda Pera,Bernarda Pera,28,Anna Blinkova,22,0.4642857142857143,0.3181818181818182,Womens,70.0,75.0,1649.21160073914,1632.4964732232766,0.4,0.4,27.0,34.0,False,True,1,3,1,6,0,2,93.0
5388,2025-01-07,1.7,Jelena Ostapenko,1.7,2.13,Jelena Ostapenko,Magdalena Frech,33,Magdalena Frech,27,0.6363636363636364,0.4074074074074074,Womens,17.0,24.0,1759.7968053507584,1687.2493991223105,0.7,0.5,5.0,22.0,True,False,0,5,0,8,0,8,-100.0
5469,2025-01-07,1.78,Sijia Wei,1.78,1.98,Sijia Wei,Sijia Wei,10,Aliaksandra Sasnovich,12,0.4,0.4166666666666667,Womens,119.0,141.0,1559.6602376627363,1545.0385317319879,0.3,0.3,119.0,29.0,True,False,0,2,0,2,0,2,-100.0
5481,2025-01-07,1.96,Carole Monnet,1.8,1.96,Darja Semenistaja,Darja Semenistaja,10,Carole Monnet,11,0.6,0.2727272727272727,Womens,120.0,220.0,1527.0129827591736,1498.5544833044348,0.0,0.7,106.0,162.0,False,True,1,1,1,4,0,2,96.0
5482,2025-01-07,2.45,Mariam Bolkvadze,1.52,2.45,Antonia Ruzic,Antonia Ruzic,9,Mariam Bolkvadze,10,0.5555555555555556,0.5,Womens,154.0,213.0,1552.6323817497228,1537.4508689707332,0.0,0.0,132.0,151.0,False,True,1,2,1,2,0,1,145.00000000000003
5511,2025-01-08,1.79,Rebeka Masarova,1.79,1.97,Rebeka Masarova,Anna Karolina Schmiedlova,19,Anna Karolina Schmiedlova,12,0.5263157894736842,0.75,Womens,144.0,114.0,1597.9944779043728,1478.9637507893885,0.5,0.4,62.0,26.0,True,False,0,2,0,3,0,1,-100.0
5516,2025-01-08,2.24,Sachia Vickery,1.62,2.24,Sayaka Ishii,Sayaka Ishii,8,Sachia Vickery,10,0.625,0.4,Womens,204.0,208.0,1709.2367331921093,1481.5289321398973,0.3,0.5,196.0,73.0,False,True,1,1,1,3,0,1,124.00000000000003
5517,2025-01-08,1.61,Sofia Kenin,1.61,2.31,Sofia Kenin,Anna Blinkova,19,Anna Blinkova,22,0.47368421052631576,0.36363636363636365,Womens,81.0,75.0,1659.4676673985048,1633.4946479119205,0.4,0.4,4.0,34.0,True,False,0,1,0,6,1,2,-100.0
5518,2025-01-08,1.82,Veronika Kudermetova,1.82,1.97,Veronika Kudermetova,Camila Osorio,29,Camila Osorio,26,0.41379310344827586,0.5384615384615384,Womens,77.0,61.0,1607.5926725503894,1583.8671864615214,0.4,0.4,9.0,33.0,True,False,0,5,0,3,1,5,-100.0
5527,2025-01-08,1.94,Varvara Lepchenko,1.83,1.94,Heather Watson,Varvara Lepchenko,11,Varvara Lepchenko,13,0.18181818181818182,0.6923076923076923,Womens,166.0,128.0,1691.1926045373968,1549.575404282889,0.4,0.3,38.0,19.0,False,True,1,5,1,6,0,2,94.0
5533,2025-01-08,2.32,Emina Bektas,1.58,2.32,Maria Timofeeva,Maria Timofeeva,11,Emina Bektas,18,0.6363636363636364,0.5,Womens,136.0,190.0,1657.575384957265,1500.336504752331,0.5,0.2,93.0,82.0,False,True,1,2,1,3,1,2,131.99999999999997
5536,2025-01-08,2.08,Leolia Jeanjean,1.71,2.08,Ella Seidel,Leolia Jeanjean,10,Leolia Jeanjean,11,0.3,0.45454545454545453,Womens,142.0,149.0,1559.5365656063666,1498.6914432926526,0.2,0.5,117.0,102.0,False,True,1,3,1,3,0,1,108.0
5594,2025-01-09,2.11,Daria Snigur,1.69,2.11,Rebeka Masarova,Daria Snigur,14,Daria Snigur,10,0.5714285714285714,0.6,Womens,144.0,139.0,1567.5255424108595,1516.9713677231014,0.5,0.3,62.0,105.0,False,True,1,3,1,1,0,1,110.99999999999999
5596,2025-01-09,2.35,Nao Hibino,1.56,2.35,Harriet Dart,Harriet Dart,12,Nao Hibino,22,0.75,0.5454545454545454,Womens,113.0,143.0,1648.7291634104267,1629.2067147190464,0.4,0.4,70.0,56.0,False,True,1,5,1,8,0,2,135.0
5616,2025-01-09,2.11,Maya Joint,1.72,2.11,Sofia Kenin,Maya Joint,10,Maya Joint,11,0.4,0.45454545454545453,Womens,81.0,118.0,1669.3670120756701,1663.9070233423333,0.4,0.5,4.0,110.0,False,True,1,2,1,3,1,2,110.99999999999999
5641,2025-01-09,2.2,Liudmila Samsonova,1.66,2.2,Emma Navarro,Emma Navarro,38,Liudmila Samsonova,36,0.6578947368421053,0.5833333333333334,Womens,8.0,26.0,1793.1662535176301,1620.9853541656,0.6,0.6,8.0,12.0,False,True,1,10,1,3,0,2,120.00000000000001
5652,2025-01-10,2.14,Mccartney Kessler,1.71,2.14,Elina Avanesyan,Mccartney Kessler,23,Mccartney Kessler,13,0.43478260869565216,0.6153846153846154,Womens,44.0,67.0,1818.1996151591798,1672.827747130507,0.5,0.7,43.0,63.0,False,True,1,5,1,8,2,4,114.00000000000001
5689,2025-01-12,2.1,Jessica Bouzas Maneiro,1.73,2.1,Sonay Kartal,Sonay Kartal,5,Jessica Bouzas Maneiro,12,0.8,0.5,Womens,87.0,54.0,1751.568968584601,1593.6973876193008,0.0,0.5,84.0,52.0,False,True,1,1,1,5,0,1,110.00000000000001
5746,2025-01-13,1.68,Anna Burrage Jodie,1.68,2.19,Anna Burrage Jodie,Leolia Jeanjean,11,Leolia Jeanjean,11,0.45454545454545453,0.5454545454545454,Womens,173.0,149.0,1612.6339818881772,1498.809405357165,0.4,0.5,85.0,102.0,True,False,0,1,0,3,1,2,-100.0
5749,2025-01-13,2.05,Laura Siegemund,1.76,2.05,Hailey Baptiste,Laura Siegemund,18,Laura Siegemund,19,0.5555555555555556,0.47368421052631576,Womens,88.0,97.0,1695.3692379394397,1683.4583912566172,0.4,0.5,80.0,27.0,False,True,1,3,1,3,0,1,104.99999999999999
5760,2025-01-13,2.13,Destanee Aiava,1.71,2.13,Greet Minnen,Destanee Aiava,11,Destanee Aiava,10,0.8181818181818182,0.7,Womens,91.0,195.0,1728.4041981814428,1615.6784945719862,0.5,0.3,59.0,147.0,False,True,1,9,1,5,2,3,112.99999999999999
5815,2025-01-14,2.16,Renata Zarazua,1.7,2.16,Taylor Townsend,Taylor Townsend,22,Renata Zarazua,12,0.6363636363636364,0.3333333333333333,Womens,85.0,70.0,1765.4981160706766,1561.1840145735814,0.6,0.3,46.0,51.0,False,True,1,3,1,2,1,3,116.00000000000001
5851,2025-01-15,1.69,Magdalena Frech,1.69,2.16,Magdalena Frech,Magdalena Frech,32,Anna Blinkova,21,0.5625,0.42857142857142855,Womens,26.0,73.0,1758.0197833639531,1650.7997688861508,0.5,0.4,22.0,34.0,True,False,0,6,0,6,1,2,-100.0
5854,2025-01-15,1.69,Anastasia Pavlyuchenkova,1.69,2.18,Anastasia Pavlyuchenkova,Anastasia Potapova,30,Anastasia Potapova,23,0.6,0.5652173913043478,Womens,32.0,36.0,1701.449019573764,1700.7109102779339,0.6,0.5,11.0,21.0,True,False,0,3,0,2,0,1,-100.0
5900,2025-01-16,2.21,Veronika Kudermetova,1.67,2.21,Katie Boulter,Katie Boulter,25,Veronika Kudermetova,28,0.64,0.42857142857142855,Womens,25.0,75.0,1738.4868718343357,1621.3540017771882,0.5,0.4,23.0,9.0,False,True,1,6,1,2,1,3,121.0
5903,2025-01-16,1.55,Eva Lys,1.55,2.43,Eva Lys,Eva Lys,15,Varvara Gracheva,19,0.7333333333333333,0.47368421052631576,Womens,128.0,69.0,1781.4803793850485,1572.9430527425543,0.8,0.2,105.0,39.0,True,False,0,2,0,3,2,4,-100.0
5913,2025-01-17,1.52,Anastasia Pavlyuchenkova,1.52,2.52,Anastasia Pavlyuchenkova,Laura Siegemund,11,Laura Siegemund,19,0.7272727272727273,0.5789473684210527,Womens,32.0,97.0,1762.2887300339876,1728.5364942348003,0.6,0.6,11.0,27.0,True,False,0,3,0,4,1,2,-100.0
5931,2025-01-18,1.93,Veronika Kudermetova,1.87,1.93,Beatriz Haddad Maia,Beatriz Haddad Maia,31,Veronika Kudermetova,27,0.5806451612903226,0.4444444444444444,Womens,17.0,75.0,1761.2075444543773,1655.988660405104,0.5,0.4,10.0,9.0,False,True,1,8,1,3,1,4,93.0
5958,2025-01-20,2.25,Madison Keys,1.65,2.25,Elena Rybakina,Elena Rybakina,39,Madison Keys,23,0.6410256410256411,0.5217391304347826,Womens,7.0,14.0,1923.1678242909409,1889.3019715947396,0.7,0.6,3.0,7.0,False,True,1,4,1,1,1,8,125.0
6071,2025-01-27,1.66,Aliaksandra Sasnovich,1.66,2.16,Aliaksandra Sasnovich,Aliaksandra Sasnovich,12,Ella Seidel,10,0.4166666666666667,0.3,Womens,149.0,145.0,1518.18826004395,1469.7084564687377,0.3,0.2,29.0,117.0,True,False,0,0,0,1,0,1,-100.0
6076,2025-01-27,1.57,Aliaksandra Sasnovich,1.57,2.33,Aliaksandra Sasnovich,Aliaksandra Sasnovich,16,Anna Bondar,12,0.375,0.08333333333333333,Womens,149.0,92.0,1542.1053644241713,1475.0676005548103,0.3,0.3,29.0,50.0,True,False,0,0,0,3,0,1,-100.0
6107,2025-01-28,1.76,Sara Sorribes Tormo,1.76,2.06,Sara Sorribes Tormo,Sara Sorribes Tormo,22,Lulu Sun,11,0.45454545454545453,0.5454545454545454,Womens,99.0,45.0,1646.7842854856326,1623.8888954259037,0.5,0.5,32.0,39.0,True,False,0,5,0,2,2,6,-100.0
6113,2025-01-28,1.88,Hailey Baptiste,1.88,1.91,Hailey Baptiste,Hailey Baptiste,21,Renata Zarazua,14,0.47619047619047616,0.35714285714285715,Womens,93.0,65.0,1659.9887852812465,1593.7765252928232,0.4,0.4,80.0,51.0,True,False,0,3,0,2,1,3,-100.0
6116,2025-01-28,1.53,Xin Yu Wang,1.53,2.48,Xin Yu Wang,Rebecca Marino,25,Rebecca Marino,10,0.64,0.2,Womens,35.0,102.0,1640.0860035042144,1607.3299335292218,0.5,0.2,32.0,38.0,True,False,0,4,0,2,2,5,-100.0
6119,2025-01-28,2.14,Simona Waltert,1.69,2.14,Ajla Tomljanovic,Ajla Tomljanovic,10,Simona Waltert,10,0.8,0.5,Womens,114.0,179.0,1668.8824254970912,1551.8224418777622,0.4,0.0,32.0,107.0,False,True,1,2,1,3,0,1,114.00000000000001
6157,2025-01-29,2.17,Mananchaya Sawangkaew,1.68,2.17,Cristina Bucsa,Mananchaya Sawangkaew,14,Mananchaya Sawangkaew,13,0.42857142857142855,0.5384615384615384,Womens,101.0,132.0,1694.544090095185,1616.21248679227,0.4,0.2,56.0,127.0,False,True,1,2,1,4,1,2,117.0
6174,2025-01-30,1.99,Kimberly Birrell,1.8,1.99,Hailey Baptiste,Kimberly Birrell,20,Kimberly Birrell,23,0.55,0.34782608695652173,Womens,93.0,95.0,1747.9848879664298,1679.585062124826,0.4,0.3,80.0,95.0,False,True,1,4,1,7,1,5,99.0
6211,2025-01-31,2.29,Dayana Yastremska,1.62,2.29,Maria Sakkari,Maria Sakkari,25,Dayana Yastremska,22,0.6,0.36363636363636365,Womens,31.0,72.0,1717.2036610349326,1649.1515009997515,0.5,0.4,3.0,21.0,False,True,1,4,1,4,1,5,129.0
6220,2025-01-31,1.62,Ekaterina Alexandrova,1.62,2.27,Ekaterina Alexandrova,Ekaterina Alexandrova,10,Aliaksandra Sasnovich,15,0.6,0.4,Womens,30.0,149.0,1676.5899023995917,1596.2594068007445,0.5,0.4,15.0,29.0,True,False,0,6,0,2,1,2,-100.0
6223,2025-02-01,2.02,Moyuka Uchijima,1.74,2.02,Olivia Gadecki,Olivia Gadecki,17,Moyuka Uchijima,14,0.29411764705882354,0.42857142857142855,Womens,107.0,60.0,1592.6429177046018,1510.0321426808607,0.3,0.2,83.0,55.0,False,True,1,6,1,5,0,1,102.0
6277,2025-02-02,2.07,Zeynep Sonmez,1.74,2.07,Taylor Townsend,Taylor Townsend,17,Zeynep Sonmez,17,0.6470588235294118,0.4117647058823529,Womens,82.0,94.0,1695.8561939706956,1595.775313399919,0.5,0.5,46.0,88.0,False,True,1,4,1,8,1,2,106.99999999999999
6282,2025-02-02,1.95,Daria Snigur,1.81,1.95,Alexia Todoni Anca,Alexia Todoni Anca,9,Daria Snigur,12,0.5555555555555556,0.5833333333333334,Womens,108.0,136.0,1622.9113422479293,1609.0936238769539,0.0,0.2,108.0,105.0,False,True,1,2,1,2,1,3,95.0
6285,2025-02-02,2.34,Anna Bondar,1.57,2.34,Anastasia Zakharova,Anastasia Zakharova,10,Anna Bondar,15,0.6,0.13333333333333333,Womens,139.0,92.0,1608.1726915157958,1486.0929675445186,0.6,0.3,106.0,50.0,False,True,1,3,1,4,2,3,134.0
6286,2025-02-02,2.06,Renata Zarazua,1.73,2.06,Zeynep Sonmez,Zeynep Sonmez,15,Renata Zarazua,15,0.4,0.3333333333333333,Womens,94.0,65.0,1628.20458000288,1569.3040283726323,0.5,0.3,88.0,51.0,False,True,1,7,1,3,2,3,106.0
6288,2025-02-02,1.67,Ekaterina Alexandrova,1.67,2.19,Ekaterina Alexandrova,Ekaterina Alexandrova,30,Dayana Yastremska,24,0.6,0.4166666666666667,Womens,30.0,72.0,1753.268202068815,1712.672421728769,0.5,0.5,15.0,21.0,True,False,0,6,0,5,3,6,-100.0
6297,2025-02-03,1.73,Suzan Lamens,1.73,2.09,Suzan Lamens,Suzan Lamens,20,Anna Bondar,12,0.5,0.25,Womens,67.0,94.0,1672.359226943248,1525.1159662744408,0.5,0.3,67.0,50.0,True,False,0,3,0,4,1,3,-100.0
6305,2025-02-03,2.09,Katie Volynets,1.73,2.09,Sonay Kartal,Sonay Kartal,8,Katie Volynets,24,0.75,0.5,Womens,91.0,68.0,1723.7014953401394,1585.6910719535686,0.5,0.4,84.0,56.0,False,True,1,2,1,4,1,2,108.99999999999999
6354,2025-02-04,2.19,Veronika Kudermetova,1.66,2.19,Liudmila Samsonova,Veronika Kudermetova,44,Veronika Kudermetova,29,0.5909090909090909,0.4482758620689655,Womens,20.0,52.0,1656.8785916296854,1648.9528531382864,0.6,0.4,12.0,9.0,False,True,1,10,1,4,3,5,119.0
6377,2025-02-04,2.02,Marina Stakusic,1.77,2.02,Sorana Cirstea,Sorana Cirstea,10,Marina Stakusic,12,0.5,0.4166666666666667,Womens,64.0,119.0,1626.1888509904365,1614.651895011529,0.5,0.4,21.0,116.0,False,True,1,4,1,4,0,1,102.0
6378,2025-02-04,1.68,Linda Noskova,1.68,2.15,Linda Noskova,Linda Noskova,26,Magdalena Frech,42,0.5384615384615384,0.5,Womens,39.0,28.0,1780.189213443785,1754.0060365628271,0.6,0.5,25.0,22.0,True,False,0,4,0,9,0,1,-100.0
6379,2025-02-04,1.99,Aliaksandra Sasnovich,1.79,1.99,Jessica Bouzas Maneiro,Jessica Bouzas Maneiro,10,Aliaksandra Sasnovich,23,0.5,0.34782608695652173,Womens,58.0,128.0,1590.719269399835,1568.409759158145,0.5,0.3,52.0,29.0,False,True,1,5,1,3,1,4,99.0
6382,2025-02-05,1.56,Belinda Bencic,1.56,2.38,Belinda Bencic,Belinda Bencic,16,Veronika Kudermetova,12,0.5625,0.5,Womens,157.0,52.0,1766.7039468100522,1681.467812735512,0.6,0.5,4.0,9.0,True,False,0,2,0,4,3,5,-100.0
6390,2025-02-05,1.65,Ana Bogdan,1.65,2.22,Ana Bogdan,Ana Bogdan,10,Anna Burrage Jodie,15,0.5,0.4,Womens,120.0,191.0,1598.1577490770503,1528.6048137147998,0.5,0.3,39.0,85.0,True,False,0,5,0,0,0,1,-100.0
6439,2025-02-06,2.12,Ella Seidel,1.71,2.12,Jaqueline Cristian,Ella Seidel,10,Ella Seidel,11,0.3,0.36363636363636365,Womens,73.0,143.0,1600.9963788471025,1550.5464556865593,0.3,0.2,57.0,117.0,False,True,1,2,1,4,1,3,112.00000000000001
6469,2025-02-07,2.37,Lucia Bronzetti,1.57,2.37,Peyton Stearns,Peyton Stearns,29,Lucia Bronzetti,37,0.5862068965517241,0.2972972972972973,Womens,46.0,72.0,1645.6176389172256,1566.766524541103,0.4,0.3,43.0,46.0,False,True,1,2,1,8,0,1,137.0
6470,2025-02-07,2.17,Elisabetta Cocciaretto,1.68,2.17,Ana Bogdan,Ana Bogdan,21,Elisabetta Cocciaretto,19,0.42857142857142855,0.6842105263157895,Womens,120.0,60.0,1621.092815761449,1557.9915835759123,0.5,0.2,39.0,29.0,False,True,1,6,1,2,0,1,117.0
6471,2025-02-07,2.45,Ashlyn Krueger,1.54,2.45,Linda Noskova,Linda Noskova,31,Ashlyn Krueger,43,0.6129032258064516,0.4418604651162791,Womens,39.0,51.0,1842.1489134460044,1786.6732242537291,0.6,0.5,25.0,50.0,False,True,1,5,1,10,2,3,145.00000000000003
6472,2025-02-07,2.35,Aliaksandra Sasnovich,1.59,2.35,Anhelina Kalinina,Anhelina Kalinina,10,Aliaksandra Sasnovich,23,0.6,0.391304347826087,Womens,49.0,128.0,1627.9072105961307,1626.3366787621999,0.3,0.4,25.0,29.0,False,True,1,7,1,4,1,6,135.0
6508,2025-02-08,1.92,Mananchaya Sawangkaew,1.83,1.92,Rebecca Marino,Mananchaya Sawangkaew,17,Mananchaya Sawangkaew,14,0.5294117647058824,0.5714285714285714,Womens,109.0,115.0,1727.3287286377574,1670.7897315474954,0.2,0.2,38.0,115.0,False,True,1,6,1,5,2,4,92.0
6510,2025-02-08,1.99,Cristina Bucsa,1.78,1.99,Laura Siegemund,Laura Siegemund,17,Cristina Bucsa,30,0.47058823529411764,0.4,Womens,82.0,116.0,1734.276747275549,1590.337810377146,0.5,0.4,27.0,56.0,False,True,1,5,1,5,2,3,99.0
6512,2025-02-08,1.59,Erika Andreeva,1.59,2.27,Erika Andreeva,Nao Hibino,24,Nao Hibino,28,0.5833333333333334,0.5357142857142857,Womens,81.0,137.0,1575.712432144014,1527.266036502383,0.5,0.3,65.0,56.0,True,False,0,8,0,8,0,2,-100.0
6513,2025-02-08,1.66,Aoi Ito,1.66,2.13,Aoi Ito,Aoi Ito,9,Anna Bondar,18,0.5555555555555556,0.2777777777777778,Womens,120.0,92.0,1596.3210181459265,1507.7961428550998,0.3,0.3,109.0,50.0,True,False,0,1,0,4,0,3,-100.0
6515,2025-02-08,1.54,Varvara Gracheva,1.54,2.38,Varvara Gracheva,Anna Karolina Schmiedlova,22,Anna Karolina Schmiedlova,22,0.45454545454545453,0.5,Womens,71.0,121.0,1546.045935214719,1513.7939250401525,0.2,0.4,39.0,26.0,True,False,0,4,0,3,0,1,-100.0
6526,2025-02-08,2.24,Belinda Bencic,1.64,2.24,Elena Rybakina,Elena Rybakina,30,Belinda Bencic,13,0.8,0.5384615384615384,Womens,7.0,65.0,1916.7624618385032,1852.2693511681007,0.7,0.6,3.0,4.0,False,True,1,5,1,1,2,5,124.00000000000003
6588,2025-02-10,2.18,Magdalena Frech,1.68,2.18,Beatriz Haddad Maia,Magdalena Frech,39,Magdalena Frech,31,0.5384615384615384,0.3870967741935484,Womens,16.0,28.0,1732.7535708964244,1729.5502053710745,0.5,0.5,10.0,22.0,False,True,1,9,1,10,1,2,118.00000000000001
6595,2025-02-10,1.99,Leylah Fernandez,1.81,1.99,Emma Navarro,Emma Navarro,42,Leylah Fernandez,30,0.6428571428571429,0.43333333333333335,Womens,9.0,27.0,1816.7541873978691,1774.1544859547114,0.6,0.5,8.0,13.0,False,True,1,11,1,5,3,5,99.0
6602,2025-02-10,1.8,Elina Avanesyan,1.8,1.99,Elina Avanesyan,Xin Yu Wang,25,Xin Yu Wang,35,0.4,0.4857142857142857,Womens,48.0,38.0,1669.278556230941,1637.7020525356925,0.5,0.5,41.0,32.0,True,False,0,6,0,4,1,4,-100.0
6657,2025-02-11,2.08,Elina Svitolina,1.74,2.08,Marketa Vondrousova,Elina Svitolina,21,Elina Svitolina,25,0.5238095238095238,0.56,Womens,34.0,22.0,1777.1355312547914,1749.7861666493397,0.5,0.6,6.0,3.0,False,True,1,2,1,2,1,4,108.0
6700,2025-02-12,1.52,Jessica Pegula,1.52,2.5,Jessica Pegula,Jessica Pegula,50,Daria Kasatkina,43,0.64,0.5116279069767442,Womens,5.0,12.0,1851.6262898972523,1768.6278413291093,0.7,0.6,3.0,8.0,True,False,0,6,0,4,2,4,-100.0
6701,2025-02-12,2.42,Ons Jabeur,1.55,2.42,Qinwen Zheng,Qinwen Zheng,48,Ons Jabeur,21,0.6875,0.42857142857142855,Womens,8.0,35.0,1938.0811243107012,1723.6847965444445,0.7,0.5,5.0,2.0,False,True,1,4,1,1,0,3,142.0
6706,2025-02-12,1.6,Jessica Pegula,1.6,2.31,Jessica Pegula,Jessica Pegula,52,Elina Svitolina,18,0.6538461538461539,0.4444444444444444,Womens,5.0,22.0,1869.322585638827,1803.4718546785516,0.7,0.6,3.0,3.0,True,False,0,6,0,2,2,4,-100.0
6717,2025-02-13,2.34,Ekaterina Alexandrova,1.6,2.34,Jessica Pegula,Jessica Pegula,54,Ekaterina Alexandrova,28,0.6666666666666666,0.5714285714285714,Womens,5.0,26.0,1887.999393173548,1854.5593637925977,0.7,0.6,3.0,15.0,False,True,1,7,1,10,2,6,134.0
6721,2025-02-13,2.15,Katarzyna Kawa,1.67,2.15,Louisa Chirico,Louisa Chirico,12,Katarzyna Kawa,10,0.3333333333333333,0.2,Womens,175.0,241.0,1408.397360445793,1370.141751453745,0.4,0.3,58.0,112.0,False,True,1,4,1,2,0,1,114.99999999999999
6741,2025-02-14,1.68,Alycia Parks,1.68,2.12,Alycia Parks,Polina Kudermetova,26,Polina Kudermetova,13,0.3076923076923077,0.5384615384615384,Womens,90.0,59.0,1654.1320939847249,1635.9004049142193,0.3,0.4,40.0,57.0,True,False,0,6,0,7,2,6,-100.0
6752,2025-02-14,1.98,Aoi Ito,1.79,1.98,Taylor Townsend,Taylor Townsend,14,Aoi Ito,10,0.6428571428571429,0.6,Womens,83.0,120.0,1660.6308059073526,1588.847675724966,0.5,0.5,46.0,109.0,False,True,1,5,1,2,1,2,98.0
6758,2025-02-14,1.63,Amanda Anisimova,1.63,2.23,Amanda Anisimova,Amanda Anisimova,19,Marta Kostyuk,38,0.6842105263157895,0.5263157894736842,Womens,41.0,21.0,1936.5857847834156,1848.116304379153,0.7,0.6,21.0,16.0,True,False,0,2,0,4,2,3,-100.0
6802,2025-02-16,2.06,Emiliana Arango,1.73,2.06,Carson Branstine,Carson Branstine,5,Emiliana Arango,12,1.0,0.4166666666666667,Womens,272.0,169.0,1707.0233068049415,1548.1693046384971,0.0,0.3,251.0,109.0,False,True,1,1,1,9,0,4,106.0
6805,2025-02-16,2.08,Elise Mertens,1.75,2.08,Leylah Fernandez,Elise Mertens,40,Elise Mertens,39,0.525,0.48717948717948717,Womens,27.0,32.0,1808.524842471393,1784.4644156637314,0.6,0.5,13.0,12.0,False,True,1,9,1,5,5,6,108.0
6846,2025-02-17,1.63,Victoria Azarenka,1.63,2.27,Victoria Azarenka,Victoria Azarenka,32,Anhelina Kalinina,25,0.59375,0.32,Womens,34.0,51.0,1763.5869409936026,1577.6391525513493,0.6,0.3,1.0,25.0,True,False,0,4,0,3,0,1,-100.0
6849,2025-02-17,1.66,Emma Raducanu,1.66,2.19,Emma Raducanu,Maria Sakkari,14,Maria Sakkari,28,0.42857142857142855,0.5714285714285714,Womens,61.0,29.0,1679.848084678345,1639.8037526836476,0.4,0.5,10.0,3.0,True,False,0,2,0,4,0,1,-100.0
6879,2025-02-18,1.74,Paula Badosa,1.74,2.1,Paula Badosa,Paula Badosa,35,Elise Mertens,32,0.7142857142857143,0.46875,Womens,10.0,31.0,1915.9081765210412,1830.434146431935,0.7,0.5,2.0,12.0,True,False,0,6,0,5,4,6,-100.0
6880,2025-02-18,2.5,Sofia Kenin,1.53,2.5,Marta Kostyuk,Marta Kostyuk,38,Sofia Kenin,28,0.6052631578947368,0.42857142857142855,Womens,21.0,56.0,1849.4428332462037,1725.412665094617,0.6,0.5,16.0,4.0,False,True,1,4,1,7,3,5,150.0
6937,2025-02-19,2.1,Linda Noskova,1.74,2.1,Jessica Pegula,Linda Noskova,60,Linda Noskova,26,0.6833333333333333,0.5769230769230769,Womens,5.0,35.0,1883.4272291114821,1873.7368530503772,0.7,0.6,3.0,25.0,False,True,1,8,1,4,2,7,110.00000000000001
6942,2025-02-19,2.33,Clara Tauson,1.6,2.33,Elina Svitolina,Elina Svitolina,29,Clara Tauson,25,0.5862068965517241,0.52,Womens,24.0,38.0,1812.0859400457946,1801.654848387924,0.6,0.6,3.0,33.0,False,True,1,5,1,4,3,4,133.0
6992,2025-02-22,2.21,Clara Tauson,1.66,2.21,Karolina Muchova,Karolina Muchova,27,Clara Tauson,22,0.6666666666666666,0.5454545454545454,Womens,15.0,23.0,1947.446645438308,1891.5265216912544,0.8,0.6,8.0,23.0,False,True,1,4,1,7,4,7,121.0
7012,2025-02-23,1.61,Mirra Andreeva,1.61,2.33,Mirra Andreeva,Mirra Andreeva,35,Clara Tauson,20,0.6,0.6,Womens,9.0,23.0,1924.4445395838097,1919.1623710623428,0.6,0.6,9.0,23.0,True,False,0,5,0,7,6,7,-100.0
7040,2025-02-24,1.89,Emiliana Arango,1.85,1.89,Lourdes Carle Maria,Emiliana Arango,10,Emiliana Arango,19,0.5,0.3684210526315789,Womens,100.0,133.0,1598.4566853342155,1577.044597833143,0.5,0.3,71.0,109.0,False,True,1,2,1,10,0,6,88.99999999999999
7109,2025-02-25,1.77,Anna Blinkova,1.77,2.03,Anna Blinkova,Anna Blinkova,27,Moyuka Uchijima,23,0.37037037037037035,0.391304347826087,Womens,74.0,54.0,1667.1101041538327,1621.6088015635426,0.4,0.3,34.0,54.0,True,False,0,5,0,7,3,4,-100.0
7150,2025-02-26,1.74,Caroline Dolehide,1.74,2.07,Caroline Dolehide,Caroline Dolehide,13,Anastasia Zakharova,10,0.6923076923076923,0.7,Womens,80.0,132.0,1635.7334221951744,1592.7166041930686,0.4,0.4,41.0,106.0,True,False,0,0,0,2,1,2,-100.0
7154,2025-02-26,1.82,Greet Minnen,1.82,1.97,Greet Minnen,Sijia Wei,23,Sijia Wei,12,0.43478260869565216,0.4166666666666667,Womens,92.0,119.0,1662.2683299520072,1598.4998866430901,0.5,0.2,59.0,116.0,True,False,0,10,0,2,1,3,-100.0
7162,2025-02-26,1.81,Tatiana Maria,1.81,1.97,Tatiana Maria,Tatiana Maria,24,Anna Bondar,15,0.4166666666666667,0.2,Womens,79.0,95.0,1486.4966366888193,1486.3434135369052,0.3,0.3,42.0,50.0,True,False,0,2,0,4,1,3,-100.0
7190,2025-02-27,2.09,Maya Joint,1.71,2.09,Donna Vekic,Maya Joint,14,Maya Joint,11,0.6428571428571429,0.45454545454545453,Womens,20.0,103.0,1707.972239245878,1638.7562663915232,0.4,0.4,17.0,102.0,False,True,1,8,1,4,2,5,108.99999999999999
7194,2025-02-27,2.11,Daria Saville,1.71,2.11,Anhelina Kalinina,Anhelina Kalinina,12,Daria Saville,24,0.5833333333333334,0.2916666666666667,Womens,52.0,121.0,1595.1447813977454,1588.306022350821,0.3,0.3,25.0,20.0,False,True,1,8,1,3,2,3,110.99999999999999
7204,2025-02-28,1.89,Caroline Dolehide,1.87,1.89,Varvara Gracheva,Caroline Dolehide,29,Caroline Dolehide,24,0.3103448275862069,0.375,Womens,72.0,80.0,1659.0316135102732,1578.9755850724262,0.2,0.4,39.0,41.0,False,True,1,5,1,9,1,2,88.99999999999999
7221,2025-03-01,1.65,McCartney Kessler,1.65,2.2,McCartney Kessler,McCartney Kessler,7,Sorana Cirstea,37,0.5714285714285714,0.5405405405405406,Womens,56.0,120.0,1788.456063950776,1755.106811989163,0.5,0.5,47.0,21.0,True,False,0,0,0,8,2,4,-100.0
7240,2025-03-02,2.16,Emiliana Arango,1.68,2.16,Daria Saville,Emiliana Arango,13,Emiliana Arango,24,0.38461538461538464,0.4583333333333333,Womens,121.0,133.0,1673.934874269105,1616.6190917320287,0.3,0.4,20.0,109.0,False,True,1,3,1,12,3,9,116.00000000000001
7255,2025-03-03,1.8,Claire Liu,1.8,1.97,Claire Liu,Claire Liu,12,Yulia Starodubtseva,11,0.5833333333333334,0.8181818181818182,Womens,284.0,110.0,1592.7229892425394,1525.7772437484446,0.5,0.4,52.0,79.0,True,False,0,4,0,5,0,8,-100.0
7269,2025-03-03,1.56,Eva Lys,1.56,2.36,Eva Lys,Eva Lys,22,Aliaksandra Sasnovich,24,0.6818181818181818,0.4583333333333333,Womens,78.0,115.0,1745.715700923428,1634.226345889324,0.7,0.4,77.0,29.0,True,False,0,3,0,4,2,6,-100.0
7315,2025-03-04,1.63,Zeynep Sonmez,1.63,2.22,Zeynep Sonmez,Zeynep Sonmez,24,Sijia Wei,11,0.5833333333333334,0.2727272727272727,Womens,77.0,117.0,1629.0755265596422,1625.346243897956,0.5,0.2,77.0,116.0,True,False,0,7,0,2,2,3,-100.0
7320,2025-03-05,2.36,Whitney Osuigwe,1.56,2.36,Kaja Juvan,Kaja Juvan,8,Whitney Osuigwe,8,0.75,0.5,Womens,845.0,228.0,1713.2247315788507,1515.9850129067747,0.8,0.0,58.0,105.0,False,True,1,1,1,2,0,1,136.0
7354,2025-03-06,2.37,Suzan Lamens,1.58,2.37,Marie Bouzkova,Marie Bouzkova,31,Suzan Lamens,20,0.4838709677419355,0.45,Womens,50.0,64.0,1691.0415747767306,1667.6226223203266,0.5,0.5,24.0,64.0,False,True,1,8,1,8,2,3,137.0
7361,2025-03-06,2.39,Magda Linette,1.57,2.39,Peyton Stearns,Peyton Stearns,41,Magda Linette,40,0.43902439024390244,0.425,Womens,44.0,36.0,1660.4657835079277,1627.9445237310713,0.4,0.4,43.0,19.0,False,True,1,4,1,8,3,4,139.0
7412,2025-03-07,1.81,Sorana Cirstea,1.81,1.99,Sorana Cirstea,Maya Joint,21,Maya Joint,17,0.47619047619047616,0.6470588235294118,Womens,111.0,85.0,1732.3059964913314,1731.0781639294182,0.5,0.5,21.0,85.0,True,False,0,4,0,4,5,7,-100.0
7422,2025-03-08,2.26,Alycia Parks,1.63,2.26,Anna Kalinskaya,Anna Kalinskaya,30,Alycia Parks,22,0.5666666666666667,0.36363636363636365,Womens,33.0,61.0,1797.558260888127,1671.2935444581099,0.6,0.4,11.0,40.0,False,True,1,7,1,9,2,5,125.99999999999997
7424,2025-03-08,2.17,Katerina Siniakova,1.69,2.17,Yulia Putintseva,Katerina Siniakova,38,Katerina Siniakova,35,0.631578947368421,0.4857142857142857,Womens,20.0,59.0,1757.1876033269277,1733.485046027241,0.5,0.5,20.0,27.0,False,True,1,6,1,6,2,5,117.0
7431,2025-03-08,1.62,Danielle Collins,1.62,2.28,Danielle Collins,Danielle Collins,13,Hailey Baptiste,17,0.8461538461538461,0.4117647058823529,Womens,14.0,100.0,1808.2274146304883,1685.9602238233952,0.5,0.4,7.0,80.0,True,False,0,3,0,7,0,2,-100.0
7437,2025-03-08,1.61,Elina Svitolina,1.61,2.31,Elina Svitolina,Elina Svitolina,30,Ashlyn Krueger,39,0.5666666666666667,0.46153846153846156,Womens,23.0,41.0,1783.4859559770707,1752.6165114730143,0.6,0.5,3.0,40.0,True,False,0,5,0,10,2,4,-100.0
7465,2025-03-09,2.04,Sonay Kartal,1.77,2.04,Beatriz Haddad Maia,Beatriz Haddad Maia,32,Sonay Kartal,10,0.59375,0.7,Womens,17.0,83.0,1664.2744343820916,1635.7747715100788,0.5,0.2,10.0,80.0,False,True,1,10,1,1,1,2,104.0
7470,2025-03-09,1.92,Lucia Bronzetti,1.87,1.92,Magdalena Frech,Magdalena Frech,45,Lucia Bronzetti,31,0.5111111111111111,0.3870967741935484,Womens,30.0,62.0,1676.642565167661,1604.4650565028826,0.5,0.4,22.0,46.0,False,True,1,8,1,9,2,3,92.0
7573,2025-03-12,1.66,Qinwen Zheng,1.66,2.22,Qinwen Zheng,Qinwen Zheng,47,Marta Kostyuk,33,0.6382978723404256,0.42424242424242425,Womens,9.0,24.0,1891.1115993138537,1806.5947058152256,0.7,0.6,5.0,16.0,True,False,0,5,0,4,2,5,-100.0
7574,2025-03-12,1.93,Mirra Andreeva,1.87,1.93,Elena Rybakina,Mirra Andreeva,47,Mirra Andreeva,30,0.6382978723404256,0.6333333333333333,Womens,7.0,11.0,1977.5178240806495,1937.9108398746123,0.7,0.7,3.0,9.0,False,True,1,7,1,4,6,9,93.0
7584,2025-03-13,1.89,Liudmila Samsonova,1.89,1.91,Liudmila Samsonova,Jasmine Paolini,44,Jasmine Paolini,42,0.5681818181818182,0.42857142857142855,Womens,25.0,6.0,1794.2910956735432,1687.6676415486104,0.6,0.5,12.0,4.0,True,False,0,10,0,7,2,3,-100.0
7597,2025-03-13,1.99,Belinda Bencic,1.82,1.99,Coco Gauff,Coco Gauff,22,Belinda Bencic,18,0.6818181818181818,0.6111111111111112,Womens,3.0,58.0,1986.9844126393352,1924.6787248887808,0.7,0.7,2.0,4.0,False,True,1,4,1,2,1,4,99.0
7618,2025-03-14,1.76,Madison Keys,1.76,2.08,Madison Keys,Madison Keys,28,Belinda Bencic,19,0.6785714285714286,0.631578947368421,Womens,5.0,58.0,2050.360769403424,1958.6741193767741,0.7,0.7,5.0,4.0,True,False,0,4,0,2,3,4,-100.0
7649,2025-03-15,2.53,Mirra Andreeva,1.52,2.53,Iga Swiatek,Iga Swiatek,64,Mirra Andreeva,31,0.78125,0.6451612903225806,Womens,2.0,11.0,2048.866360403597,2016.1940711922323,0.8,0.7,1.0,9.0,False,True,1,10,1,5,7,10,152.99999999999997
7672,2025-03-17,1.66,Bernarda Pera,1.66,2.15,Bernarda Pera,Marina Stakusic,18,Marina Stakusic,13,0.6111111111111112,0.46153846153846156,Womens,84.0,126.0,1554.8904614716084,1514.6607653465196,0.3,0.4,27.0,114.0,True,False,0,4,0,4,0,2,-100.0
7675,2025-03-17,1.7,Yulia Starodubtseva,1.7,2.11,Yulia Starodubtseva,Varvara Lepchenko,14,Varvara Lepchenko,20,0.42857142857142855,0.45,Womens,108.0,120.0,1628.830965631991,1503.893988138373,0.4,0.3,79.0,19.0,True,False,0,7,0,8,0,1,-100.0
7676,2025-03-17,2.22,Ena Shibahara,1.64,2.22,Zeynep Sonmez,Zeynep Sonmez,24,Ena Shibahara,10,0.5833333333333334,0.5,Womens,78.0,138.0,1655.3616714244413,1584.443910804308,0.5,0.3,77.0,132.0,False,True,1,8,1,4,2,3,122.00000000000001
7683,2025-03-17,1.61,Kimberly Birrell,1.61,2.27,Kimberly Birrell,Kimberly Birrell,29,Aliaksandra Sasnovich,26,0.5172413793103449,0.38461538461538464,Womens,68.0,115.0,1733.05720954856,1616.612610905633,0.3,0.4,68.0,29.0,True,False,0,3,0,4,2,6,-100.0
7713,2025-03-18,2.33,Bernarda Pera,1.58,2.33,Robin Montgomery,Robin Montgomery,15,Bernarda Pera,28,0.4666666666666667,0.5357142857142857,Womens,104.0,84.0,1604.662198591176,1542.5230691065406,0.3,0.3,102.0,27.0,False,True,1,5,1,6,0,1,133.0
7715,2025-03-18,1.63,Gabriela Ruse Elena,1.63,2.22,Gabriela Ruse Elena,Gabriela Ruse Elena,12,Ena Shibahara,10,0.75,0.6,Womens,102.0,138.0,1640.3260301382984,1625.8816557250934,0.3,0.5,51.0,132.0,True,False,0,5,0,4,1,3,-100.0
7720,2025-03-19,2.25,Viktoriya Tomova,1.64,2.25,Caty Mcnally,Viktoriya Tomova,5,Viktoriya Tomova,14,0.2,0.5,Womens,414.0,64.0,1560.0155611613482,1390.772447028485,0.0,0.4,54.0,46.0,False,True,1,1,1,7,0,1,125.0
7732,2025-03-19,1.83,Taylor Townsend,1.83,1.95,Taylor Townsend,Taylor Townsend,25,Ann Li,18,0.56,0.5,Womens,90.0,66.0,1673.3315037160621,1619.1103979683025,0.5,0.4,46.0,44.0,True,False,0,6,0,1,3,5,-100.0
7763,2025-03-20,1.88,Veronika Kudermetova,1.88,1.92,Veronika Kudermetova,Veronika Kudermetova,42,Xin Yu Wang,42,0.4523809523809524,0.47619047619047616,Womens,52.0,39.0,1663.8284385388952,1649.0747549156706,0.4,0.5,9.0,32.0,True,False,0,8,0,5,0,1,-100.0
7768,2025-03-20,1.66,Moyuka Uchijima,1.66,2.21,Moyuka Uchijima,Suzan Lamens,24,Suzan Lamens,23,0.375,0.43478260869565216,Womens,53.0,70.0,1684.6975207202947,1623.395235988855,0.3,0.5,52.0,64.0,True,False,0,2,0,8,1,3,-100.0
7774,2025-03-21,1.66,Maria Sakkari,1.66,2.2,Maria Sakkari,Lucia Bronzetti,31,Lucia Bronzetti,44,0.5483870967741935,0.38636363636363635,Womens,51.0,62.0,1644.2671784397473,1638.9149345829053,0.5,0.4,3.0,46.0,True,False,0,5,0,9,1,2,-100.0
7776,2025-03-21,1.89,Naomi Osaka,1.89,1.9,Naomi Osaka,Naomi Osaka,17,Liudmila Samsonova,42,0.5882352941176471,0.6190476190476191,Womens,61.0,21.0,1826.361930998747,1711.7131879347114,0.6,0.6,1.0,12.0,True,False,0,5,0,5,1,2,-100.0
7782,2025-03-21,2.49,Taylor Townsend,1.53,2.49,Yulia Putintseva,Yulia Putintseva,25,Taylor Townsend,22,0.64,0.5454545454545454,Womens,24.0,90.0,1711.1331028670875,1695.425706561154,0.5,0.5,20.0,46.0,False,True,1,7,1,6,2,4,149.00000000000003
7783,2025-03-21,1.71,Ons Jabeur,1.71,2.12,Ons Jabeur,Katerina Siniakova,30,Katerina Siniakova,40,0.5666666666666667,0.475,Womens,30.0,57.0,1764.7649885633,1694.003175393227,0.5,0.5,2.0,27.0,True,False,0,6,0,6,0,5,-100.0
7786,2025-03-21,2.12,Linda Fruhvirtova,1.72,2.12,Beatriz Haddad Maia,Beatriz Haddad Maia,12,Linda Fruhvirtova,12,0.6666666666666666,0.3333333333333333,Womens,18.0,215.0,1638.4911113454925,1469.4009693696369,0.5,0.3,10.0,49.0,False,True,1,11,1,4,1,3,112.00000000000001
7787,2025-03-21,1.56,Leylah Fernandez,1.56,2.4,Leylah Fernandez,Leylah Fernandez,40,Alycia Parks,24,0.6,0.375,Womens,26.0,59.0,1729.6885411922906,1698.3977683239536,0.5,0.4,13.0,40.0,True,False,0,10,0,9,0,1,-100.0
7788,2025-03-21,1.65,Danielle Collins,1.65,2.23,Danielle Collins,Danielle Collins,14,Sorana Cirstea,32,0.8571428571428571,0.46875,Womens,15.0,101.0,1798.243910846065,1750.138466723182,0.5,0.5,7.0,21.0,True,False,0,3,0,8,1,6,-100.0
7823,2025-03-22,1.83,Anna Kalinskaya,1.83,1.97,Anna Kalinskaya,Anna Kalinskaya,31,Moyuka Uchijima,21,0.5806451612903226,0.23809523809523808,Womens,33.0,53.0,1764.7932023571693,1653.170454722228,0.6,0.3,11.0,52.0,True,False,0,7,0,8,0,1,-100.0
7827,2025-03-22,1.68,Elise Mertens,1.68,2.18,Elise Mertens,Elise Mertens,48,Peyton Stearns,38,0.5,0.39473684210526316,Womens,28.0,43.0,1820.8001062451617,1662.8733571557495,0.5,0.4,12.0,43.0,True,False,0,7,0,6,1,2,-100.0
7854,2025-03-24,1.72,Paula Badosa,1.72,2.11,Paula Badosa,Paula Badosa,33,Clara Tauson,25,0.6666666666666666,0.52,Womens,11.0,23.0,1920.2758020609301,1888.9122610788206,0.7,0.6,2.0,21.0,True,False,0,6,0,7,1,4,-100.0
7876,2025-03-25,2.28,Jasmine Paolini,1.62,2.28,Naomi Osaka,Naomi Osaka,13,Jasmine Paolini,42,0.6153846153846154,0.5238095238095238,Womens,61.0,7.0,1867.8495926923122,1781.7628856369588,0.7,0.5,1.0,4.0,False,True,1,6,1,8,2,3,127.99999999999999
7892,2025-03-25,2.27,Emma Raducanu,1.64,2.27,Amanda Anisimova,Amanda Anisimova,24,Emma Raducanu,18,0.8333333333333334,0.4444444444444444,Womens,17.0,60.0,1951.2476121676298,1708.133365428177,0.7,0.5,17.0,10.0,False,True,1,3,1,3,1,2,127.0
7917,2025-03-26,1.58,Jasmine Paolini,1.58,2.37,Jasmine Paolini,Jasmine Paolini,49,Magda Linette,30,0.46938775510204084,0.36666666666666664,Womens,7.0,34.0,1810.4916921591137,1760.9905361911356,0.5,0.5,4.0,19.0,True,False,0,5,0,11,4,5,-100.0
7923,2025-03-27,2.21,Maddison Inglis,1.62,2.21,Erika Andreeva,Maddison Inglis,25,Maddison Inglis,11,0.64,0.36363636363636365,Womens,95.0,128.0,1576.6579158581153,1553.5037621750475,0.4,0.2,65.0,112.0,False,True,1,9,1,5,0,3,121.0
7928,2025-03-27,1.62,Jaqueline Cristian,1.62,2.23,Jaqueline Cristian,Jaqueline Cristian,15,Ena Shibahara,10,0.4,0.4,Womens,72.0,138.0,1635.4889080756043,1613.8060529441557,0.3,0.5,57.0,132.0,True,False,0,2,0,4,3,4,-100.0
7946,2025-03-28,1.95,Rebeka Masarova,1.8,1.95,Bernarda Pera,Bernarda Pera,11,Rebeka Masarova,27,0.8181818181818182,0.5555555555555556,Womens,84.0,168.0,1615.8067033845623,1613.4577692392127,0.3,0.5,27.0,62.0,False,True,1,5,1,9,2,5,95.0
7956,2025-03-29,2.08,Heather Watson,1.71,2.08,Marina Stakusic,Heather Watson,11,Heather Watson,14,0.45454545454545453,0.21428571428571427,Womens,126.0,206.0,1556.221641743318,1537.8496175780433,0.4,0.4,114.0,38.0,False,True,1,5,1,3,0,2,108.0
7959,2025-03-30,1.75,Jaqueline Cristian,1.75,2.01,Jaqueline Cristian,Jaqueline Cristian,17,Rebeka Masarova,27,0.47058823529411764,0.5185185185185185,Womens,57.0,134.0,1679.9104752570001,1663.0719998391942,0.4,0.5,57.0,62.0,True,False,0,2,0,9,5,6,-100.0
